Cédula,Resultado,Ronda alcanzada,Respuestas correctas,Aciertos última ronda,Preguntas última ronda,Duración,Rayos restantes,Inicio,Fin,Último evento,Registrado
1098804489,PERDIÓ,3,5,1,2,3 minutos 5 segundos,0,2026-09-08T21:30:55.776Z,2026-09-08T21:34:01.022Z,ronda_loss,2026-09-08T16:34:02
37749573,GANÓ,4,11,0,0,6 minutos 56 segundos,,2026-09-08T16:30:23.950Z,2026-09-08T16:37:20.267Z,fin,2026-09-08T11:37:21
1096538133,GANÓ,4,12,0,0,2 minutos 8 segundos,,2026-09-08T16:03:51.552Z,2026-09-08T16:05:59.889Z,fin,2026-09-08T11:06:01
1096539216,GANÓ,4,11,0,0,2 minutos 19 segundos,,2026-09-08T16:01:11.717Z,2026-09-08T16:03:31.470Z,fin,2026-09-08T11:03:32
1019012474,GANÓ,4,12,0,0,3 minutos 48 segundos,,2026-09-08T15:04:51.773Z,2026-09-08T15:08:40.508Z,fin,2026-09-08T10:08:40
1095837686,GANÓ,4,11,0,0,5 minutos 16 segundos,,2026-09-08T12:16:41.101Z,2026-09-08T12:21:57.256Z,fin,2026-09-08T07:21:58
1098754329,GANÓ,4,11,0,0,5 minutos 25 segundos,,2026-09-07T16:47:39.305Z,2026-09-07T16:53:04.563Z,fin,2026-09-07T11:53:05
1095929266,GANÓ,4,11,0,0,5 minutos 17 segundos,,2026-09-07T16:39:46.089Z,2026-09-07T16:45:03.737Z,fin,2026-09-07T11:45:04
37746109,GANÓ,4,10,0,0,4 minutos 46 segundos,,2026-09-07T11:46:49.960Z,2026-09-07T11:51:35.967Z,fin,2026-09-07T06:51:37
1098767591,PERDIÓ,4,8,1,2,7 minutos 23 segundos,0,2026-09-07T09:06:06.641Z,2026-09-07T09:13:30.083Z,ronda_loss,2026-09-07T04:13:30
1007373519,GANÓ,4,12,0,0,4 minutos,,2026-09-07T08:48:57.793Z,2026-09-07T08:52:57.816Z,fin,2026-09-07T03:52:58
1098821238,GANÓ,4,11,0,0,7 minutos 25 segundos,,2026-09-07T03:22:02.317Z,2026-09-07T03:29:27.435Z,fin,2026-09-06T22:29:27
91254834,GANÓ,4,10,0,0,10 minutos 1 segundo,,2026-09-07T03:15:19.987Z,2026-09-07T03:25:21.310Z,fin,2026-09-06T22:25:22
1232889468,GANÓ,4,10,0,0,2 horas 6 minutos 53 segundos,,2026-09-06T16:17:27.373Z,2026-09-06T18:24:20.695Z,fin,2026-09-06T13:24:21
1102379663,GANÓ,4,11,0,0,6 minutos,,2026-09-04T21:09:19.467Z,2026-09-04T21:15:20.168Z,fin,2026-09-04T16:15:22
1102378517,PERDIÓ,2,1,0,1,2 minutos 20 segundos,0,2026-09-04T19:49:32.743Z,2026-09-04T19:51:53.580Z,ronda_loss,2026-09-04T14:51:55
1100959449,PERDIÓ,2,1,0,1,4 minutos 23 segundos,0,2026-09-04T19:12:11.353Z,2026-09-04T19:16:34.876Z,ronda_loss,2026-09-04T14:16:36
63527599,GANÓ,4,11,0,0,4 minutos 46 segundos,,2026-09-04T18:54:28.919Z,2026-09-04T18:59:15.603Z,fin,2026-09-04T13:59:17
1098614211,PERDIÓ,3,4,0,1,2 minutos 44 segundos,0,2026-09-04T18:38:57.804Z,2026-09-04T18:41:42.039Z,ronda_loss,2026-09-04T13:41:44
1098634048,GANÓ,4,12,0,0,2 minutos 54 segundos,,2026-09-04T17:03:54.986Z,2026-09-04T17:06:49.581Z,fin,2026-09-04T12:06:52
1102370248,GANÓ,4,12,0,0,3 minutos 53 segundos,,2026-09-04T16:10:53.875Z,2026-09-04T16:14:47.766Z,fin,2026-09-04T11:14:49
1015428502,PERDIÓ,3,4,0,1,2 minutos 23 segundos,0,2026-09-04T16:01:17.644Z,2026-09-04T16:03:41.554Z,ronda_loss,2026-09-04T11:03:43
1007555061,PERDIÓ,3,4,0,1,2 minutos 47 segundos,0,2026-09-04T15:02:54.185Z,2026-09-04T15:05:41.978Z,ronda_loss,2026-09-04T10:05:43
63516337,GANÓ,4,11,0,0,5 minutos 22 segundos,,2026-09-04T12:29:06.419Z,2026-09-04T12:34:29.292Z,fin,2026-09-04T07:34:31
1102355755,PERDIÓ,2,2,1,2,3 minutos 50 segundos,0,2026-09-04T12:28:00.477Z,2026-09-04T12:31:51.123Z,ronda_loss,2026-09-04T07:31:53
1098764370,GANÓ,4,12,0,0,2 minutos 28 segundos,,2026-09-04T12:17:38.639Z,2026-09-04T12:20:06.716Z,fin,2026-09-04T07:20:08
1098785470,GANÓ,4,10,0,0,2 minutos 39 segundos,,2026-09-04T12:14:18.187Z,2026-09-04T12:16:57.550Z,fin,2026-09-04T07:16:59
1098730227,GANÓ,4,12,0,0,3 minutos 46 segundos,,2026-09-04T05:53:17.237Z,2026-09-04T05:57:03.803Z,fin,2026-09-04T00:57:05
1095809611,GANÓ,4,11,0,0,6 minutos 20 segundos,,2026-09-04T03:58:28.700Z,2026-09-04T04:04:49.058Z,fin,2026-09-03T23:04:49
1049603101,EN CURSO,1,3,3,3,2 minutos 11 segundos,3,2026-09-04T03:03:04.413Z,2026-09-04T03:05:16.179Z,ronda_ok,2026-09-03T22:05:16
1098753793,EN CURSO,1,2,2,3,40 segundos,2,2026-09-04T00:52:18.589Z,2026-09-04T00:52:59.424Z,ronda_ok,2026-09-03T19:53:30
37616752,GANÓ,4,10,0,0,6 minutos 3 segundos,,2026-09-03T22:12:28.022Z,2026-09-03T22:18:31.049Z,fin,2026-09-03T17:18:33
1095813023,EN CURSO,2,4,1,3,2 minutos 31 segundos,1,2026-09-03T21:28:24.039Z,2026-09-03T21:30:55.841Z,ronda_ok,2026-09-03T16:30:57
1007617310,GANÓ,4,12,0,0,5 minutos 33 segundos,,2026-09-03T21:18:04.406Z,2026-09-03T21:23:38.077Z,fin,2026-09-03T16:23:38
91183984,GANÓ,4,11,0,0,4 minutos 5 segundos,,2026-09-03T21:06:33.143Z,2026-09-03T21:10:39.026Z,fin,2026-09-03T16:10:41
1098790086,GANÓ,4,11,0,0,5 minutos 23 segundos,,2026-09-03T20:59:33.528Z,2026-09-03T21:04:57.387Z,fin,2026-09-03T16:04:59
1097092717,PERDIÓ,1,0,0,3,40 segundos,0,2026-09-03T20:57:52.181Z,2026-09-03T20:58:32.511Z,ronda_loss,2026-09-03T15:58:34
1098757019,EN CURSO,1,1,1,3,8 minutos 43 segundos,1,2026-09-03T20:46:00.695Z,2026-09-03T20:54:44.356Z,ronda_ok,2026-09-03T15:54:45
1001885074,GANÓ,4,11,0,0,4 minutos 10 segundos,,2026-09-03T20:15:02.855Z,2026-09-03T20:19:13.418Z,fin,2026-09-03T15:19:15
1094243673,GANÓ,4,11,0,0,6 minutos 21 segundos,,2026-09-03T20:05:02.191Z,2026-09-03T20:11:23.327Z,fin,2026-09-03T15:11:23
1005337729,GANÓ,4,12,0,0,3 minutos 59 segundos,,2026-09-03T20:02:28.494Z,2026-09-03T20:06:28.473Z,fin,2026-09-03T15:06:28
1098820279,PERDIÓ,1,0,0,3,28 segundos,0,2026-09-03T19:31:55.374Z,2026-09-03T19:32:24.078Z,ronda_loss,2026-09-03T14:32:26
1098812843,GANÓ,4,10,0,0,2 minutos 42 segundos,,2026-09-03T19:17:21.461Z,2026-09-03T19:20:04.183Z,fin,2026-09-03T14:20:06
60335925,GANÓ,4,12,0,0,10 minutos 44 segundos,,2026-09-03T19:07:53.496Z,2026-09-03T19:18:37.595Z,fin,2026-09-03T14:18:39
1095956709,GANÓ,4,10,0,0,7 minutos 48 segundos,,2026-09-03T19:10:31.657Z,2026-09-03T19:18:20.005Z,fin,2026-09-03T14:18:21
37520666,PERDIÓ,4,9,2,3,5 minutos 50 segundos,0,2026-09-03T19:12:27.259Z,2026-09-03T19:18:17.691Z,ronda_loss,2026-09-03T14:18:18
1099371245,PERDIÓ,1,0,0,3,1 minuto 51 segundos,0,2026-09-03T19:10:29.288Z,2026-09-03T19:12:21.126Z,ronda_loss,2026-09-03T14:12:23
1192761164,GANÓ,4,10,0,0,3 minutos 42 segundos,,2026-09-03T19:08:23.233Z,2026-09-03T19:12:05.571Z,fin,2026-09-03T14:12:05
37556935,GANÓ,4,11,0,0,13 minutos 9 segundos,,2026-09-03T18:58:18.182Z,2026-09-03T19:11:27.877Z,fin,2026-09-03T14:11:29
1095926572,GANÓ,4,11,0,0,5 minutos 30 segundos,,2026-09-03T19:05:33.988Z,2026-09-03T19:11:04.540Z,fin,2026-09-03T14:11:06
1095958060,GANÓ,4,12,0,0,4 minutos 46 segundos,,2026-09-03T19:05:32.000Z,2026-09-03T19:10:18.994Z,fin,2026-09-03T14:10:21
1098825977,GANÓ,4,11,0,0,3 minutos 43 segundos,,2026-09-03T18:59:19.622Z,2026-09-03T19:03:03.299Z,fin,2026-09-03T14:03:05
1005199432,GANÓ,4,10,0,0,13 minutos 6 segundos,,2026-09-03T18:48:11.574Z,2026-09-03T19:01:17.973Z,fin,2026-09-03T14:01:20
1098801520,PERDIÓ,2,1,0,1,2 minutos 21 segundos,0,2026-09-03T18:56:42.554Z,2026-09-03T18:59:04.466Z,ronda_loss,2026-09-03T13:59:06
1005289161,GANÓ,4,11,0,0,5 minutos 17 segundos,,2026-09-03T18:53:42.704Z,2026-09-03T18:59:00.572Z,fin,2026-09-03T13:59:02
1063624126,GANÓ,4,11,0,0,4 minutos 39 segundos,,2026-09-03T18:49:09.353Z,2026-09-03T18:53:48.649Z,fin,2026-09-03T13:53:50
1005257600,GANÓ,4,11,0,0,5 minutos 20 segundos,,2026-09-03T18:45:43.800Z,2026-09-03T18:51:04.021Z,fin,2026-09-03T13:51:04
1095930873,GANÓ,4,12,0,0,7 minutos 43 segundos,,2026-09-03T18:40:28.404Z,2026-09-03T18:48:11.966Z,fin,2026-09-03T13:48:14
1116550063,GANÓ,4,12,0,0,7 minutos 49 segundos,,2026-09-03T18:36:39.502Z,2026-09-03T18:44:28.507Z,fin,2026-09-03T13:44:29
1098786705,GANÓ,4,12,0,0,4 minutos 16 segundos,,2026-09-03T18:38:34.622Z,2026-09-03T18:42:51.553Z,fin,2026-09-03T13:42:52
1002727882,GANÓ,4,11,0,0,4 minutos 32 segundos,,2026-09-03T18:37:07.003Z,2026-09-03T18:41:39.030Z,fin,2026-09-03T13:41:40
1098766042,GANÓ,4,12,0,0,4 minutos 21 segundos,,2026-09-03T18:36:45.656Z,2026-09-03T18:41:07.406Z,fin,2026-09-03T13:41:08
1005297647,GANÓ,4,10,0,0,4 minutos 33 segundos,,2026-09-03T18:33:47.729Z,2026-09-03T18:38:21.348Z,fin,2026-09-03T13:38:23
37510663,PERDIÓ,3,4,0,1,5 minutos 2 segundos,0,2026-09-03T18:32:50.251Z,2026-09-03T18:37:52.908Z,ronda_loss,2026-09-03T13:37:57
1232892634,GANÓ,4,12,0,0,3 minutos 50 segundos,,2026-09-03T18:33:02.063Z,2026-09-03T18:36:52.397Z,fin,2026-09-03T13:36:52
1098608537,GANÓ,4,11,0,0,10 minutos 31 segundos,,2026-09-03T18:23:23.984Z,2026-09-03T18:33:55.954Z,fin,2026-09-03T13:33:58
91351496,GANÓ,4,10,0,0,4 minutos 45 segundos,,2026-09-03T18:28:06.034Z,2026-09-03T18:32:51.845Z,fin,2026-09-03T13:32:54
1098722795,GANÓ,4,11,0,0,6 minutos 53 segundos,,2026-09-03T18:21:49.872Z,2026-09-03T18:28:42.985Z,fin,2026-09-03T13:28:45
1004998423,GANÓ,4,11,0,0,3 minutos 17 segundos,,2026-09-03T18:24:40.766Z,2026-09-03T18:27:57.903Z,fin,2026-09-03T13:27:59
63548628,PERDIÓ,3,4,0,1,2 minutos 49 segundos,0,2026-09-03T18:21:36.568Z,2026-09-03T18:24:25.592Z,ronda_loss,2026-09-03T13:24:27
1098773525,GANÓ,4,11,0,0,4 minutos 47 segundos,,2026-09-03T18:16:57.436Z,2026-09-03T18:21:44.769Z,fin,2026-09-03T13:21:46
1098787559,GANÓ,4,10,0,0,4 minutos 48 segundos,,2026-09-03T18:16:41.634Z,2026-09-03T18:21:29.862Z,fin,2026-09-03T13:21:31
1095833814,GANÓ,4,11,0,0,4 minutos 51 segundos,,2026-09-03T18:14:55.129Z,2026-09-03T18:19:46.491Z,fin,2026-09-03T13:19:48
1005210867,GANÓ,4,12,0,0,3 minutos 45 segundos,,2026-09-03T18:13:48.801Z,2026-09-03T18:17:34.043Z,fin,2026-09-03T13:17:36
91228896,PERDIÓ,2,2,1,2,5 minutos 51 segundos,0,2026-09-03T18:08:02.600Z,2026-09-03T18:13:54.344Z,ronda_loss,2026-09-03T13:13:54
37510757,PERDIÓ,2,3,0,1,6 minutos 19 segundos,0,2026-09-03T18:07:17.261Z,2026-09-03T18:13:36.798Z,ronda_loss,2026-09-03T13:13:38
1005155841,PERDIÓ,4,9,2,3,3 minutos 20 segundos,0,2026-09-03T18:09:11.680Z,2026-09-03T18:12:31.855Z,ronda_loss,2026-09-03T13:12:32
91534351,GANÓ,4,12,0,0,5 minutos 15 segundos,,2026-09-03T18:05:39.597Z,2026-09-03T18:10:55.425Z,fin,2026-09-03T13:10:57
1099362625,GANÓ,4,11,0,0,7 minutos 9 segundos,,2026-09-03T18:02:53.414Z,2026-09-03T18:10:02.910Z,fin,2026-09-03T13:10:04
1005157870,PERDIÓ,1,0,0,3,1 minuto,0,2026-09-03T18:05:21.701Z,2026-09-03T18:06:22.554Z,ronda_loss,2026-09-03T13:06:25
1110118496,GANÓ,4,12,0,0,4 minutos 40 segundos,,2026-09-03T17:17:09.339Z,2026-09-03T17:21:50.154Z,fin,2026-09-03T12:21:50
91510406,PERDIÓ,4,9,2,3,54 minutos 5 segundos,0,2026-09-03T12:49:54.745Z,2026-09-03T13:44:00.529Z,ronda_loss,2026-09-03T08:44:02
1098725212,GANÓ,4,12,0,0,6 minutos 21 segundos,,2026-09-03T12:46:09.818Z,2026-09-03T12:52:31.052Z,fin,2026-09-03T07:52:33
1005539258,GANÓ,4,12,0,0,4 minutos 58 segundos,,2026-09-03T12:42:03.503Z,2026-09-03T12:47:02.300Z,fin,2026-09-03T07:47:04
1007354063,GANÓ,4,10,0,0,5 minutos 55 segundos,,2026-09-03T12:15:10.064Z,2026-09-03T12:21:05.413Z,fin,2026-09-03T07:21:06
1007138714,GANÓ,4,10,0,0,8 minutos,,2026-09-02T18:56:04.590Z,2026-09-02T19:04:05.360Z,fin,2026-09-02T14:04:07
91528206,PERDIÓ,2,1,0,1,3 minutos 19 segundos,0,2026-09-02T14:34:51.945Z,2026-09-02T14:38:11.298Z,ronda_loss,2026-09-02T09:38:11
1005209899,GANÓ,4,12,0,0,3 minutos 8 segundos,,2026-09-02T14:00:24.247Z,2026-09-02T14:03:32.414Z,fin,2026-09-02T09:03:34
68291487,EN CURSO,4,12,3,3,7 minutos 53 segundos,3,2026-09-02T13:53:26.595Z,2026-09-02T14:01:20.253Z,ronda_ok,2026-09-02T09:01:20
1098824213,PERDIÓ,2,2,0,2,1 minuto 45 segundos,0,2026-09-02T13:36:31.791Z,2026-09-02T13:38:16.847Z,ronda_loss,2026-09-02T08:38:19
1005107379,EN CURSO,4,12,3,3,5 minutos 6 segundos,3,2026-09-02T13:09:47.607Z,2026-09-02T13:14:54.519Z,ronda_ok,2026-09-02T08:14:55
1098808173,GANÓ,4,11,0,0,6 minutos 24 segundos,,2026-09-02T12:38:34.728Z,2026-09-02T12:44:58.982Z,fin,2026-09-02T07:45:00
12458326,GANÓ,4,10,0,0,4 minutos 52 segundos,,2026-09-02T03:27:24.294Z,2026-09-02T03:32:17.276Z,fin,2026-09-01T22:32:19
75081135,EN CURSO,4,11,3,3,5 minutos 51 segundos,2,2026-09-02T02:41:58.896Z,2026-09-02T02:47:50.265Z,ronda_ok,2026-09-01T21:47:51
1102369907,PERDIÓ,4,8,1,2,3 minutos 30 segundos,0,2026-09-01T21:02:31.810Z,2026-09-01T21:06:02.365Z,ronda_loss,2026-09-01T16:06:02
1095788478,PERDIÓ,2,2,1,2,2 minutos 49 segundos,0,2026-09-01T20:57:08.462Z,2026-09-01T20:59:57.914Z,ronda_loss,2026-09-01T15:59:59
1098604365,PERDIÓ,2,3,1,3,4 minutos 39 segundos,0,2026-09-01T20:48:12.219Z,2026-09-01T20:52:51.595Z,ronda_loss,2026-09-01T15:52:53
37844327,GANÓ,4,11,0,0,6 minutos 20 segundos,,2026-09-01T20:15:20.246Z,2026-09-01T20:21:40.833Z,fin,2026-09-01T15:21:43
1095825637,GANÓ,4,11,0,0,12 minutos 39 segundos,,2026-09-01T19:57:38.812Z,2026-09-01T20:10:18.384Z,fin,2026-09-01T15:10:20
37727713,GANÓ,4,11,0,0,4 minutos 19 segundos,,2026-09-01T20:05:17.689Z,2026-09-01T20:09:37.686Z,fin,2026-09-01T15:09:39
37746131,PERDIÓ,3,4,0,1,8 minutos 42 segundos,0,2026-09-01T19:27:41.144Z,2026-09-01T19:36:23.376Z,ronda_loss,2026-09-01T14:36:24
63335309,GANÓ,4,12,0,0,17 minutos 2 segundos,,2026-09-01T19:14:05.485Z,2026-09-01T19:31:08.291Z,fin,2026-09-01T14:31:10
1232891204,GANÓ,4,11,0,0,5 minutos 56 segundos,,2026-09-01T19:19:16.382Z,2026-09-01T19:25:12.645Z,fin,2026-09-01T14:25:14
1097304258,GANÓ,4,10,0,0,1 hora 15 minutos 32 segundos,,2026-09-01T18:08:05.861Z,2026-09-01T19:23:38.627Z,fin,2026-09-01T14:23:38
1095298031,PERDIÓ,3,6,2,3,4 minutos 26 segundos,0,2026-09-01T19:10:49.897Z,2026-09-01T19:15:15.988Z,ronda_loss,2026-09-01T14:15:17
63513328,PERDIÓ,2,2,0,2,2 minutos 8 segundos,0,2026-09-01T19:09:02.558Z,2026-09-01T19:11:11.025Z,ronda_loss,2026-09-01T14:11:11
1098752802,GANÓ,4,10,0,0,5 minutos 20 segundos,,2026-09-01T19:00:48.771Z,2026-09-01T19:06:08.881Z,fin,2026-09-01T14:06:10
1065890241,GANÓ,4,12,0,0,4 minutos 47 segundos,,2026-09-01T18:59:23.632Z,2026-09-01T19:04:11.321Z,fin,2026-09-01T14:04:13
1102719517,EN CURSO,1,2,2,3,1 minuto 18 segundos,2,2026-09-01T19:00:19.625Z,2026-09-01T19:01:38.005Z,ronda_ok,2026-09-01T14:01:38
1098785621,GANÓ,4,11,0,0,4 minutos 56 segundos,,2026-09-01T18:56:24.336Z,2026-09-01T19:01:20.868Z,fin,2026-09-01T14:01:21
1095830446,PERDIÓ,3,5,1,2,3 minutos 55 segundos,0,2026-09-01T18:57:16.882Z,2026-09-01T19:01:12.192Z,ronda_loss,2026-09-01T14:01:12
1098822131,EN CURSO,1,3,3,3,33 segundos,3,2026-09-01T19:00:35.845Z,2026-09-01T19:01:09.042Z,ronda_ok,2026-09-01T14:01:10
1006156217,PERDIÓ,1,0,0,3,36 segundos,0,2026-09-01T18:54:18.702Z,2026-09-01T18:54:55.691Z,ronda_loss,2026-09-01T13:54:58
63505360,EN CURSO,1,3,3,3,4 minutos 12 segundos,3,2026-09-01T18:40:46.448Z,2026-09-01T18:44:58.989Z,ronda_ok,2026-09-01T13:45:00
1098772765,GANÓ,4,11,0,0,7 minutos 50 segundos,,2026-09-01T18:36:33.953Z,2026-09-01T18:44:24.772Z,fin,2026-09-01T13:44:26
1098744654,GANÓ,4,12,0,0,4 minutos 29 segundos,,2026-09-01T18:37:19.250Z,2026-09-01T18:41:48.748Z,fin,2026-09-01T13:41:50
1098777826,GANÓ,4,11,0,0,8 minutos 21 segundos,,2026-09-01T18:31:43.387Z,2026-09-01T18:40:04.755Z,fin,2026-09-01T13:40:06
1098767279,GANÓ,4,10,0,0,4 minutos 29 segundos,,2026-09-01T18:34:42.340Z,2026-09-01T18:39:11.955Z,fin,2026-09-01T13:39:12
1013662978,GANÓ,4,12,0,0,6 minutos 26 segundos,,2026-09-01T18:31:32.635Z,2026-09-01T18:37:58.970Z,fin,2026-09-01T13:38:00
1098769168,GANÓ,4,12,0,0,4 minutos 57 segundos,,2026-09-01T18:29:50.112Z,2026-09-01T18:34:48.009Z,fin,2026-09-01T13:34:48
1232892587,GANÓ,4,12,0,0,4 minutos 5 segundos,,2026-09-01T18:29:49.860Z,2026-09-01T18:33:54.916Z,fin,2026-09-01T13:33:56
1098796289,GANÓ,4,12,0,0,5 minutos 42 segundos,,2026-09-01T18:25:35.017Z,2026-09-01T18:31:17.870Z,fin,2026-09-01T13:31:20
1010001923,GANÓ,4,11,0,0,9 minutos 14 segundos,,2026-09-01T18:21:10.132Z,2026-09-01T18:30:24.587Z,fin,2026-09-01T13:30:26
1095832924,GANÓ,4,11,0,0,9 minutos 6 segundos,,2026-09-01T18:18:33.707Z,2026-09-01T18:27:40.347Z,fin,2026-09-01T13:27:42
1095806297,GANÓ,4,12,0,0,4 minutos 47 segundos,,2026-09-01T18:22:42.498Z,2026-09-01T18:27:30.029Z,fin,2026-09-01T13:27:31
63548986,GANÓ,4,12,0,0,5 minutos 41 segundos,,2026-09-01T18:19:49.163Z,2026-09-01T18:25:30.488Z,fin,2026-09-01T13:25:32
1098799299,GANÓ,4,11,0,0,5 minutos 14 segundos,,2026-09-01T18:18:38.518Z,2026-09-01T18:23:52.798Z,fin,2026-09-01T13:23:53
1102377125,GANÓ,4,11,0,0,7 minutos 47 segundos,,2026-09-01T18:11:34.126Z,2026-09-01T18:19:21.987Z,fin,2026-09-01T13:19:23
1005154593,GANÓ,4,11,0,0,3 minutos 53 segundos,,2026-09-01T18:12:34.427Z,2026-09-01T18:16:27.587Z,fin,2026-09-01T13:16:29
1098617859,GANÓ,4,11,0,0,4 minutos 56 segundos,,2026-09-01T18:09:25.765Z,2026-09-01T18:14:22.245Z,fin,2026-09-01T13:14:24
1081911004,GANÓ,4,12,0,0,8 minutos 22 segundos,,2026-09-01T17:59:09.140Z,2026-09-01T18:07:31.926Z,fin,2026-09-01T13:07:33
1098655009,GANÓ,4,12,0,0,7 minutos 30 segundos,,2026-09-01T17:55:22.621Z,2026-09-01T18:02:53.004Z,fin,2026-09-01T13:02:53
63563655,GANÓ,4,12,0,0,2 minutos 40 segundos,,2026-09-01T17:56:04.744Z,2026-09-01T17:58:45.595Z,fin,2026-09-01T12:58:48
1012426957,EN CURSO,1,2,2,3,1 minuto 1 segundo,2,2026-09-01T17:53:27.233Z,2026-09-01T17:54:28.684Z,ronda_ok,2026-09-01T12:54:29
1098708057,PERDIÓ,1,0,0,3,25 segundos,0,2026-09-01T17:47:05.150Z,2026-09-01T17:47:30.500Z,ronda_loss,2026-09-01T12:47:32
1098623935,GANÓ,4,12,0,0,6 minutos 41 segundos,,2026-08-31T18:43:57.045Z,2026-08-31T18:50:38.888Z,fin,2026-08-31T13:50:41
1098768972,GANÓ,4,12,0,0,3 horas 42 minutos 59 segundos,,2026-08-31T14:52:59.344Z,2026-08-31T18:35:58.405Z,fin,2026-08-31T13:36:01
13745964,GANÓ,4,12,0,0,5 minutos 20 segundos,,2026-08-31T15:25:53.365Z,2026-08-31T15:31:13.714Z,fin,2026-08-31T10:31:16
1098694763,GANÓ,4,12,0,0,5 minutos 55 segundos,,2026-08-31T15:10:27.162Z,2026-08-31T15:16:22.715Z,fin,2026-08-31T10:16:23
1005237171,GANÓ,4,12,0,0,4 minutos 56 segundos,,2026-08-31T15:05:37.887Z,2026-08-31T15:10:34.034Z,fin,2026-08-31T10:10:36
1005198666,GANÓ,4,10,0,0,5 minutos 44 segundos,,2026-08-31T14:55:13.850Z,2026-08-31T15:00:58.493Z,fin,2026-08-31T10:00:59
1095810668,GANÓ,4,12,0,0,5 minutos 57 segundos,,2026-08-31T14:46:01.658Z,2026-08-31T14:51:59.485Z,fin,2026-08-31T09:51:59
1125351769,PERDIÓ,2,1,0,1,2 minutos 25 segundos,0,2026-08-31T00:17:16.973Z,2026-08-31T00:19:42.443Z,ronda_loss,2026-08-30T19:19:42
35513697,PERDIÓ,4,7,0,1,4 minutos 40 segundos,0,2026-08-30T23:10:15.109Z,2026-08-30T23:14:55.205Z,ronda_loss,2026-08-30T18:14:53
37747698,PERDIÓ,1,0,0,3,1 minuto 8 segundos,0,2026-08-30T23:07:29.900Z,2026-08-30T23:08:38.790Z,ronda_loss,2026-08-30T18:08:37
63534779,GANÓ,4,11,0,0,6 minutos 37 segundos,,2026-08-28T16:05:08.116Z,2026-08-28T16:11:45.401Z,fin,2026-08-28T11:11:47
63562351,PERDIÓ,4,8,1,2,5 minutos 46 segundos,0,2026-08-28T14:37:03.476Z,2026-08-28T14:42:50.109Z,ronda_loss,2026-08-28T09:42:52
1098622401,GANÓ,4,10,0,0,4 minutos 18 segundos,,2026-08-28T13:05:34.196Z,2026-08-28T13:09:52.751Z,fin,2026-08-28T08:09:55
1100952285,EN CURSO,1,1,1,3,1 minuto 7 segundos,1,2026-08-28T13:04:34.031Z,2026-08-28T13:05:41.144Z,ronda_ok,2026-08-28T08:05:43
37748723,GANÓ,4,11,0,0,5 minutos 9 segundos,,2026-08-28T12:34:27.208Z,2026-08-28T12:39:36.274Z,fin,2026-08-28T07:39:37
1005484387,GANÓ,4,12,0,0,4 minutos 31 segundos,,2026-08-28T00:20:46.859Z,2026-08-28T00:25:18.247Z,fin,2026-08-27T19:25:20
1098805390,GANÓ,4,10,0,0,3 minutos 12 segundos,,2026-08-27T21:33:04.784Z,2026-08-27T21:36:17.517Z,fin,2026-08-27T16:36:18
1097610595,GANÓ,4,11,0,0,10 minutos 15 segundos,,2026-08-27T21:17:48.390Z,2026-08-27T21:28:03.844Z,fin,2026-08-27T16:28:06
1005372040,PERDIÓ,1,0,0,3,37 segundos,0,2026-08-27T21:00:05.033Z,2026-08-27T21:00:42.954Z,ronda_loss,2026-08-27T16:00:43
91528159,PERDIÓ,3,5,1,2,6 minutos 14 segundos,0,2026-08-27T18:55:03.774Z,2026-08-27T19:01:18.579Z,ronda_loss,2026-08-27T14:01:19
1098603458,GANÓ,4,11,0,0,4 minutos 42 segundos,,2026-08-27T18:46:53.560Z,2026-08-27T18:51:36.485Z,fin,2026-08-27T13:51:38
1098627621,EN CURSO,1,3,3,3,1 minuto 6 segundos,3,2026-08-27T18:40:32.314Z,2026-08-27T18:41:38.780Z,ronda_ok,2026-08-27T13:41:39
63537382,GANÓ,4,12,0,0,7 minutos 6 segundos,,2026-08-27T18:23:49.380Z,2026-08-27T18:30:56.154Z,fin,2026-08-27T13:30:57
1007416469,EN CURSO,2,4,2,3,3 minutos 58 segundos,1,2026-08-27T18:13:07.081Z,2026-08-27T18:17:05.866Z,ronda_ok,2026-08-27T13:17:18
1098678227,PERDIÓ,3,5,1,2,4 minutos 24 segundos,0,2026-08-27T18:00:34.876Z,2026-08-27T18:04:59.272Z,ronda_loss,2026-08-27T13:05:01
71608448,GANÓ,4,10,0,0,5 minutos 2 segundos,,2026-08-27T17:20:41.794Z,2026-08-27T17:25:44.415Z,fin,2026-08-27T12:25:47
1098822685,PERDIÓ,1,0,0,3,25 segundos,0,2026-08-27T16:10:27.796Z,2026-08-27T16:10:53.155Z,ronda_loss,2026-08-27T11:10:53
13510572,PERDIÓ,3,5,1,2,5 minutos 11 segundos,0,2026-08-27T15:22:18.493Z,2026-08-27T15:27:29.987Z,ronda_loss,2026-08-27T10:27:32
1101019816,GANÓ,4,12,0,0,4 minutos 20 segundos,,2026-08-27T15:12:14.243Z,2026-08-27T15:16:34.373Z,fin,2026-08-27T10:16:37
37545681,GANÓ,4,12,0,0,5 minutos 40 segundos,,2026-08-27T15:08:59.535Z,2026-08-27T15:14:40.299Z,fin,2026-08-27T10:14:42
1007618533,GANÓ,4,12,0,0,4 minutos 5 segundos,,2026-08-27T14:57:20.556Z,2026-08-27T15:01:26.398Z,fin,2026-08-27T10:01:28
37720995,GANÓ,4,12,0,0,5 minutos 46 segundos,,2026-08-27T14:51:11.764Z,2026-08-27T14:56:58.182Z,fin,2026-08-27T09:57:01
63460361,GANÓ,4,12,0,0,8 minutos 37 segundos,,2026-08-27T14:46:13.175Z,2026-08-27T14:54:50.987Z,fin,2026-08-27T09:54:53
1233693069,GANÓ,4,10,0,0,6 minutos 47 segundos,,2026-08-27T14:39:05.315Z,2026-08-27T14:45:52.373Z,fin,2026-08-27T09:45:54
1098800045,GANÓ,4,12,0,0,5 minutos 35 segundos,,2026-08-27T14:32:04.285Z,2026-08-27T14:37:40.142Z,fin,2026-08-27T09:37:40
1102390313,GANÓ,4,12,0,0,3 minutos 12 segundos,,2026-08-27T14:32:40.840Z,2026-08-27T14:35:53.650Z,fin,2026-08-27T09:35:55
52454230,GANÓ,4,12,0,0,3 minutos 54 segundos,,2026-08-27T14:20:11.337Z,2026-08-27T14:24:05.968Z,fin,2026-08-27T09:24:08
1095924476,GANÓ,4,10,0,0,4 minutos 29 segundos,,2026-08-27T14:03:40.747Z,2026-08-27T14:08:10.571Z,fin,2026-08-27T09:08:10
63366824,GANÓ,4,12,0,0,8 minutos 20 segundos,,2026-08-27T13:57:51.688Z,2026-08-27T14:06:11.843Z,fin,2026-08-27T09:06:19
1098674895,GANÓ,4,12,0,0,7 minutos 3 segundos,,2026-08-27T13:30:25.515Z,2026-08-27T13:37:28.589Z,fin,2026-08-27T08:37:27
1102381707,GANÓ,4,12,0,0,2 minutos 46 segundos,,2026-08-27T13:18:02.645Z,2026-08-27T13:20:48.649Z,fin,2026-08-27T08:20:49
1005258981,GANÓ,4,12,0,0,5 minutos 33 segundos,,2026-08-27T13:09:37.135Z,2026-08-27T13:15:11.068Z,fin,2026-08-27T08:15:11
63366599,GANÓ,4,10,0,0,5 minutos 41 segundos,,2026-08-27T12:54:32.270Z,2026-08-27T13:00:13.849Z,fin,2026-08-27T08:00:17
1098759650,GANÓ,4,12,0,0,5 minutos 35 segundos,,2026-08-27T12:40:46.015Z,2026-08-27T12:46:21.476Z,fin,2026-08-27T07:46:23
1100504065,GANÓ,4,12,0,0,4 minutos 51 segundos,,2026-08-27T12:37:18.596Z,2026-08-27T12:42:10.575Z,fin,2026-08-27T07:42:12
1102367171,EN CURSO,3,9,3,3,5 minutos 54 segundos,3,2026-08-27T12:11:07.300Z,2026-08-27T12:17:01.632Z,ronda_ok,2026-08-27T07:17:02
1098670493,GANÓ,4,12,0,0,5 minutos 11 segundos,,2026-08-27T11:16:33.808Z,2026-08-27T11:21:45.018Z,fin,2026-08-27T06:21:47
1098729588,GANÓ,4,10,0,0,5 minutos 7 segundos,,2026-08-27T07:10:22.108Z,2026-08-27T07:15:29.491Z,fin,2026-08-27T02:15:31
1100897145,EN CURSO,3,7,3,3,4 minutos 33 segundos,1,2026-08-27T06:00:49.077Z,2026-08-27T06:05:22.401Z,ronda_ok,2026-08-27T01:05:22
1098151585,GANÓ,4,11,0,0,7 minutos 5 segundos,,2026-08-27T05:18:30.706Z,2026-08-27T05:25:35.898Z,fin,2026-08-27T00:25:38
37842778,GANÓ,4,11,0,0,6 minutos 29 segundos,,2026-08-27T00:56:37.538Z,2026-08-27T01:03:07.449Z,fin,2026-08-26T20:03:07
1095819995,PERDIÓ,2,6,3,3,7 minutos 32 segundos,0,2026-08-27T00:30:25.401Z,2026-08-27T00:37:57.836Z,ronda_loss,2026-08-26T19:37:59
91539278,PERDIÓ,2,2,1,2,2 minutos 43 segundos,0,2026-08-26T23:37:06.302Z,2026-08-26T23:39:49.352Z,ronda_loss,2026-08-26T18:39:49
1098768319,PERDIÓ,3,6,2,3,4 minutos 29 segundos,0,2026-08-26T21:57:38.971Z,2026-08-26T22:02:08.428Z,ronda_loss,2026-08-26T17:02:08
1098688435,PERDIÓ,3,5,1,2,6 minutos 13 segundos,0,2026-08-26T21:43:53.733Z,2026-08-26T21:50:07.524Z,ronda_loss,2026-08-26T16:50:07
1098627664,EN CURSO,1,1,1,3,50 segundos,1,2026-08-26T21:39:06.115Z,2026-08-26T21:39:56.304Z,ronda_ok,2026-08-26T16:39:57
1098824283,EN CURSO,1,1,1,3,1 minuto 42 segundos,1,2026-08-26T21:34:58.177Z,2026-08-26T21:36:40.729Z,ronda_ok,2026-08-26T16:36:42
1102373343,PERDIÓ,1,0,0,3,51 segundos,0,2026-08-26T21:25:07.565Z,2026-08-26T21:25:58.599Z,ronda_loss,2026-08-26T16:25:59
1095816224,GANÓ,4,12,0,0,6 minutos 35 segundos,,2026-08-26T21:11:59.444Z,2026-08-26T21:18:34.897Z,fin,2026-08-26T16:18:37
719482,PERDIÓ,2,1,0,1,2 minutos 34 segundos,0,2026-08-26T21:13:47.798Z,2026-08-26T21:16:22.180Z,ronda_loss,2026-08-26T16:16:24
1098782909,GANÓ,4,12,0,0,4 minutos 16 segundos,,2026-08-26T20:58:13.370Z,2026-08-26T21:02:30.013Z,fin,2026-08-26T16:02:30
1097302827,GANÓ,4,10,0,0,4 minutos 1 segundo,,2026-08-26T20:54:41.905Z,2026-08-26T20:58:43.614Z,fin,2026-08-26T15:58:45
1013649748,GANÓ,4,12,0,0,5 minutos 35 segundos,,2026-08-26T20:12:55.263Z,2026-08-26T20:18:31.180Z,fin,2026-08-26T15:18:39
1102383420,GANÓ,4,10,0,0,4 minutos 32 segundos,,2026-08-26T19:57:22.920Z,2026-08-26T20:01:55.340Z,fin,2026-08-26T15:01:58
1098737907,GANÓ,4,12,0,0,12 minutos 5 segundos,,2026-08-26T19:46:54.205Z,2026-08-26T19:58:59.550Z,fin,2026-08-26T14:59:01
1095919035,GANÓ,4,11,0,0,12 minutos 57 segundos,,2026-08-26T19:37:46.209Z,2026-08-26T19:50:43.931Z,fin,2026-08-26T14:50:50
1098750683,GANÓ,4,11,0,0,6 minutos 53 segundos,,2026-08-26T19:42:02.528Z,2026-08-26T19:48:55.941Z,fin,2026-08-26T14:48:55
1005236794,EN CURSO,2,5,2,3,3 minutos 57 segundos,2,2026-08-26T19:35:38.250Z,2026-08-26T19:39:35.404Z,ronda_ok,2026-08-26T14:39:35
1098732000,PERDIÓ,3,6,2,3,4 minutos 16 segundos,0,2026-08-26T19:33:02.060Z,2026-08-26T19:37:18.692Z,ronda_loss,2026-08-26T14:37:16
1005540720,GANÓ,4,11,0,0,8 minutos 31 segundos,,2026-08-26T19:23:06.869Z,2026-08-26T19:31:38.495Z,fin,2026-08-26T14:31:39
1005345949,GANÓ,4,12,0,0,1 hora 32 minutos 43 segundos,,2026-08-26T17:43:12.185Z,2026-08-26T19:15:55.858Z,fin,2026-08-26T14:15:56
1005155297,GANÓ,4,11,0,0,9 minutos 55 segundos,,2026-08-26T18:55:14.559Z,2026-08-26T19:05:10.269Z,fin,2026-08-26T14:05:11
1098780514,GANÓ,4,12,0,0,7 minutos 49 segundos,,2026-08-26T18:56:26.055Z,2026-08-26T19:04:15.135Z,fin,2026-08-26T14:04:15
1005280520,GANÓ,4,12,0,0,4 minutos 11 segundos,,2026-08-26T18:58:26.350Z,2026-08-26T19:02:37.996Z,fin,2026-08-26T14:02:39
1234338164,PERDIÓ,4,9,2,3,7 minutos 45 segundos,0,2026-08-26T18:54:27.816Z,2026-08-26T19:02:13.248Z,ronda_loss,2026-08-26T14:02:13
1098775125,GANÓ,4,12,0,0,5 minutos 8 segundos,,2026-08-26T18:52:25.779Z,2026-08-26T18:57:33.909Z,fin,2026-08-26T13:57:35
1102488004,EN CURSO,1,1,1,3,1 minuto 4 segundos,1,2026-08-26T18:53:52.190Z,2026-08-26T18:54:56.419Z,ronda_ok,2026-08-26T13:54:57
22523137,EN CURSO,1,2,2,3,41 segundos,2,2026-08-26T18:52:00.968Z,2026-08-26T18:52:42.525Z,ronda_ok,2026-08-26T13:52:42
1098636916,GANÓ,4,10,0,0,5 minutos 54 segundos,,2026-08-26T18:44:09.447Z,2026-08-26T18:50:03.655Z,fin,2026-08-26T13:50:05
1098793082,GANÓ,4,12,0,0,5 minutos 2 segundos,,2026-08-26T18:44:51.145Z,2026-08-26T18:49:53.881Z,fin,2026-08-26T13:49:56
1005238449,GANÓ,4,10,0,0,6 minutos 15 segundos,,2026-08-26T18:37:50.881Z,2026-08-26T18:44:06.803Z,fin,2026-08-26T13:44:08
63529831,GANÓ,4,12,0,0,4 minutos 44 segundos,,2026-08-26T18:38:10.233Z,2026-08-26T18:42:54.719Z,fin,2026-08-26T13:42:55
1098724136,GANÓ,4,10,0,0,33 minutos 25 segundos,,2026-08-26T18:08:15.476Z,2026-08-26T18:41:41.079Z,fin,2026-08-26T13:41:41
1005282466,GANÓ,4,12,0,0,5 minutos 56 segundos,,2026-08-26T18:34:01.934Z,2026-08-26T18:39:58.215Z,fin,2026-08-26T13:39:59
91535674,GANÓ,4,10,0,0,4 minutos 58 segundos,,2026-08-26T18:26:29.764Z,2026-08-26T18:31:28.093Z,fin,2026-08-26T13:31:30
63547888,GANÓ,4,11,0,0,3 minutos 21 segundos,,2026-08-26T18:27:22.578Z,2026-08-26T18:30:43.984Z,fin,2026-08-26T13:30:44
1098688316,GANÓ,4,12,0,0,3 minutos 53 segundos,,2026-08-26T18:21:08.746Z,2026-08-26T18:25:01.815Z,fin,2026-08-26T13:24:59
1098729806,GANÓ,4,12,0,0,4 minutos 3 segundos,,2026-08-26T18:20:42.147Z,2026-08-26T18:24:45.497Z,fin,2026-08-26T13:24:46
1100975773,EN CURSO,2,5,3,3,3 minutos 10 segundos,2,2026-08-26T18:20:13.396Z,2026-08-26T18:23:23.400Z,ronda_ok,2026-08-26T13:23:25
1095958142,GANÓ,4,11,0,0,2 minutos 50 segundos,,2026-08-26T18:16:00.731Z,2026-08-26T18:18:50.864Z,fin,2026-08-26T13:18:52
1098810363,GANÓ,4,10,0,0,5 minutos 46 segundos,,2026-08-26T18:10:18.434Z,2026-08-26T18:16:04.941Z,fin,2026-08-26T13:16:07
1095957955,GANÓ,4,11,0,0,5 minutos 8 segundos,,2026-08-26T18:10:32.182Z,2026-08-26T18:15:40.570Z,fin,2026-08-26T13:15:42
1005256875,PERDIÓ,4,7,0,1,4 minutos 8 segundos,0,2026-08-26T18:11:20.632Z,2026-08-26T18:15:28.766Z,ronda_loss,2026-08-26T13:15:30
1005282269,GANÓ,4,10,0,0,4 minutos 43 segundos,,2026-08-26T18:09:54.737Z,2026-08-26T18:14:38.152Z,fin,2026-08-26T13:14:39
1098757747,GANÓ,4,12,0,0,4 minutos 49 segundos,,2026-08-26T18:09:45.397Z,2026-08-26T18:14:35.280Z,fin,2026-08-26T13:14:37
63557646,PERDIÓ,3,4,0,1,5 minutos,0,2026-08-26T17:58:21.614Z,2026-08-26T18:03:21.658Z,ronda_loss,2026-08-26T13:03:23
1110461794,GANÓ,4,12,0,0,4 minutos 24 segundos,,2026-08-26T17:48:45.025Z,2026-08-26T17:53:09.551Z,fin,2026-08-26T12:53:11
1005288801,GANÓ,4,12,0,0,3 minutos 40 segundos,,2026-08-26T17:48:56.828Z,2026-08-26T17:52:37.070Z,fin,2026-08-26T12:52:39
1098775258,GANÓ,4,11,0,0,6 minutos 3 segundos,,2026-08-26T17:46:27.136Z,2026-08-26T17:52:30.861Z,fin,2026-08-26T12:52:33
1098733739,GANÓ,4,11,0,0,1 hora 6 minutos 3 segundos,,2026-08-26T16:45:49.066Z,2026-08-26T17:51:52.492Z,fin,2026-08-26T12:51:54
1005150240,EN CURSO,2,6,3,3,2 minutos 20 segundos,3,2026-08-26T17:48:51.501Z,2026-08-26T17:51:11.538Z,ronda_ok,2026-08-26T12:51:11
1092349613,PERDIÓ,2,1,0,1,44 segundos,0,2026-08-26T17:32:46.385Z,2026-08-26T17:33:30.497Z,ronda_loss,2026-08-26T12:33:32
1097496409,GANÓ,4,12,0,0,4 minutos 31 segundos,,2026-08-26T17:16:20.964Z,2026-08-26T17:20:52.960Z,fin,2026-08-26T12:20:53
1103365021,EN CURSO,1,1,1,3,1 minuto 49 segundos,1,2026-08-26T17:07:38.412Z,2026-08-26T17:09:28.192Z,ronda_ok,2026-08-26T12:09:30
91180450,GANÓ,4,12,0,0,3 minutos 24 segundos,,2026-08-26T17:05:07.055Z,2026-08-26T17:08:31.418Z,fin,2026-08-26T12:08:33
1120741968,GANÓ,4,11,0,0,8 minutos 40 segundos,,2026-08-26T16:58:46.982Z,2026-08-26T17:07:27.654Z,fin,2026-08-26T12:07:28
1005286343,GANÓ,4,12,0,0,2 minutos 25 segundos,,2026-08-26T16:59:13.437Z,2026-08-26T17:01:38.581Z,fin,2026-08-26T12:01:40
1095809600,GANÓ,4,11,0,0,13 minutos 43 segundos,,2026-08-26T16:47:20.441Z,2026-08-26T17:01:03.790Z,fin,2026-08-26T12:01:05
1002242011,GANÓ,4,11,0,0,2 minutos 40 segundos,,2026-08-26T16:55:39.284Z,2026-08-26T16:58:19.607Z,fin,2026-08-26T11:58:21
1043931775,GANÓ,4,10,0,0,5 minutos 26 segundos,,2026-08-26T16:48:56.221Z,2026-08-26T16:54:22.223Z,fin,2026-08-26T11:54:24
1007462823,GANÓ,4,10,0,0,6 minutos 59 segundos,,2026-08-26T16:39:37.968Z,2026-08-26T16:46:37.290Z,fin,2026-08-26T11:46:39
1001899194,PERDIÓ,2,3,1,3,2 minutos 38 segundos,0,2026-08-26T16:43:38.799Z,2026-08-26T16:46:17.213Z,ronda_loss,2026-08-26T11:46:20
1007421438,GANÓ,4,12,0,0,5 minutos 58 segundos,,2026-08-26T16:38:37.578Z,2026-08-26T16:44:35.635Z,fin,2026-08-26T11:44:39
1049347186,GANÓ,4,10,0,0,10 minutos 50 segundos,,2026-08-26T16:32:26.218Z,2026-08-26T16:43:17.039Z,fin,2026-08-26T11:43:19
1095790277,GANÓ,4,11,0,0,10 minutos 27 segundos,,2026-08-26T16:31:23.489Z,2026-08-26T16:41:51.174Z,fin,2026-08-26T11:41:52
1007561438,GANÓ,4,10,0,0,5 minutos 2 segundos,,2026-08-26T16:36:41.248Z,2026-08-26T16:41:43.534Z,fin,2026-08-26T11:41:44
1000861192,GANÓ,4,12,0,0,3 minutos 2 segundos,,2026-08-26T16:37:28.275Z,2026-08-26T16:40:30.948Z,fin,2026-08-26T11:40:32
1005651074,GANÓ,4,10,0,0,5 minutos 11 segundos,,2026-08-26T16:34:35.843Z,2026-08-26T16:39:47.608Z,fin,2026-08-26T11:39:47
1002367032,GANÓ,4,10,0,0,5 minutos 4 segundos,,2026-08-26T16:31:57.878Z,2026-08-26T16:37:02.717Z,fin,2026-08-26T11:37:03
1005539694,GANÓ,4,12,0,0,6 minutos 40 segundos,,2026-08-26T16:28:59.429Z,2026-08-26T16:35:40.342Z,fin,2026-08-26T11:35:42
1098748623,GANÓ,4,11,0,0,4 minutos 26 segundos,,2026-08-26T16:30:33.815Z,2026-08-26T16:35:00.382Z,fin,2026-08-26T11:35:02
1102363621,GANÓ,4,11,0,0,4 minutos 31 segundos,,2026-08-26T16:29:01.202Z,2026-08-26T16:33:32.997Z,fin,2026-08-26T11:33:33
1102388730,GANÓ,4,11,0,0,4 minutos 41 segundos,,2026-08-26T16:28:14.140Z,2026-08-26T16:32:55.856Z,fin,2026-08-26T11:32:57
63505588,GANÓ,4,12,0,0,2 minutos 17 segundos,,2026-08-26T16:30:36.383Z,2026-08-26T16:32:54.363Z,fin,2026-08-26T11:32:56
1102376838,GANÓ,4,12,0,0,13 minutos 13 segundos,,2026-08-26T16:16:53.082Z,2026-08-26T16:30:06.688Z,fin,2026-08-26T11:30:07
63526812,GANÓ,4,11,0,0,5 minutos 30 segundos,,2026-08-26T16:24:23.516Z,2026-08-26T16:29:53.785Z,fin,2026-08-26T11:29:55
1102389851,GANÓ,4,12,0,0,2 minutos 50 segundos,,2026-08-26T16:26:41.336Z,2026-08-26T16:29:31.577Z,fin,2026-08-26T11:29:32
1098740181,GANÓ,4,11,0,0,4 minutos 57 segundos,,2026-08-26T16:22:11.069Z,2026-08-26T16:27:08.257Z,fin,2026-08-26T11:27:10
1007540707,PERDIÓ,2,1,0,1,2 minutos 58 segundos,0,2026-08-26T16:23:54.845Z,2026-08-26T16:26:53.264Z,ronda_loss,2026-08-26T11:26:55
1007726445,GANÓ,4,12,0,0,7 minutos 28 segundos,,2026-08-26T16:18:23.250Z,2026-08-26T16:25:51.944Z,fin,2026-08-26T11:25:54
1098724530,GANÓ,4,10,0,0,4 minutos 6 segundos,,2026-08-26T16:21:15.365Z,2026-08-26T16:25:21.821Z,fin,2026-08-26T11:25:24
13724975,EN CURSO,3,8,3,3,5 minutos 36 segundos,2,2026-08-26T16:15:21.968Z,2026-08-26T16:20:58.090Z,ronda_ok,2026-08-26T11:21:00
1099207955,GANÓ,4,12,0,0,4 minutos 4 segundos,,2026-08-26T16:16:40.941Z,2026-08-26T16:20:45.445Z,fin,2026-08-26T11:20:47
1098605084,GANÓ,4,12,0,0,12 minutos 55 segundos,,2026-08-26T16:07:28.383Z,2026-08-26T16:20:24.185Z,fin,2026-08-26T11:20:27
1101757899,EN CURSO,2,5,2,3,2 minutos 38 segundos,2,2026-08-26T16:17:44.173Z,2026-08-26T16:20:22.549Z,ronda_ok,2026-08-26T11:20:23
13740701,EN CURSO,3,7,3,3,4 minutos 47 segundos,1,2026-08-26T16:15:33.298Z,2026-08-26T16:20:20.624Z,ronda_ok,2026-08-26T11:20:22
1095833253,EN CURSO,3,9,3,3,3 minutos 57 segundos,3,2026-08-26T16:16:22.908Z,2026-08-26T16:20:20.509Z,ronda_ok,2026-08-26T11:20:21
1101753671,GANÓ,4,10,0,0,9 minutos 36 segundos,,2026-08-26T16:09:30.442Z,2026-08-26T16:19:06.517Z,fin,2026-08-26T11:19:08
1007011644,PERDIÓ,4,8,1,2,4 minutos 34 segundos,0,2026-08-26T16:13:29.201Z,2026-08-26T16:18:03.584Z,ronda_loss,2026-08-26T11:18:03
37841864,GANÓ,4,10,0,0,7 minutos 54 segundos,,2026-08-26T16:10:02.139Z,2026-08-26T16:17:56.676Z,fin,2026-08-26T11:17:58
1095825338,GANÓ,4,11,0,0,5 minutos 34 segundos,,2026-08-26T16:11:09.495Z,2026-08-26T16:16:43.502Z,fin,2026-08-26T11:16:46
52818818,GANÓ,4,12,0,0,4 minutos 49 segundos,,2026-08-26T16:10:21.031Z,2026-08-26T16:15:10.768Z,fin,2026-08-26T11:15:11
37746625,GANÓ,4,12,0,0,8 minutos 52 segundos,,2026-08-26T16:06:03.778Z,2026-08-26T16:14:56.723Z,fin,2026-08-26T11:14:59
1193215809,GANÓ,4,12,0,0,4 minutos 37 segundos,,2026-08-26T16:10:11.215Z,2026-08-26T16:14:48.602Z,fin,2026-08-26T11:14:50
1101622939,GANÓ,4,11,0,0,5 minutos 29 segundos,,2026-08-26T16:08:56.993Z,2026-08-26T16:14:26.797Z,fin,2026-08-26T11:14:29
1004911113,GANÓ,4,10,0,0,3 minutos 52 segundos,,2026-08-26T16:09:22.501Z,2026-08-26T16:13:15.150Z,fin,2026-08-26T11:13:17
1098817468,EN CURSO,3,8,3,3,4 minutos 17 segundos,2,2026-08-26T16:05:25.330Z,2026-08-26T16:09:42.638Z,ronda_ok,2026-08-26T11:09:44
1017221274,EN CURSO,2,5,2,3,2 minutos 45 segundos,2,2026-08-26T16:04:46.688Z,2026-08-26T16:07:32.247Z,ronda_ok,2026-08-26T11:07:33
1007511633,EN CURSO,1,3,3,3,31 segundos,3,2026-08-21T19:54:17.374Z,2026-08-21T19:54:49.363Z,ronda_ok,2026-08-21T14:56:54
